Código (SKU),Descrição,Unidade,Preço,Situação,Largura embalagem,Altura embalagem,Comprimento embalagem,URL imagem 1,URL imagem 2,URL imagem 3,URL imagem 4,URL imagem 5,URL imagem 6,Categoria,destaque,exemplo
LD3810007,ABRIDOR DE LATAS AGUA DE COCO,PÇ,5.99,Ativo,5.5,1,5.5,https://s3.amazonaws.com/tiny-anexos-us/erp/MTI2NDE5OTg4MQ/cc9e05a28d344cfeddb0fa7f82d461fe.png,https://s3.amazonaws.com/tiny-anexos-us/erp/MTI2NDE5OTg4MQ/908c8891eaa123d1d75ad08f505dd493.png,https://s3.amazonaws.com/tiny-anexos-us/erp/MTI2NDE5OTg4MQ/dddb8e2b0676b02e8b28bfc0534441bb.png,,,,CHAVEIROS,,
LD3810006,ABRIDOR DE LATAS ANJINHO,PÇ,5.99,Ativo,5.5,1,5.5,https://s3.amazonaws.com/tiny-anexos-us/erp/MTI2NDE5OTg4MQ/2cef379b0c2b2d9efb6ce65dfa972e8e.png,https://s3.amazonaws.com/tiny-anexos-us/erp/MTI2NDE5OTg4MQ/12d697e681306c73169a3929555b0bb2.png,,,,,CHAVEIROS,,
LD3810013,ABRIDOR DE LATAS BOCA,PÇ,5.99,Ativo,5.5,1,5.5,https://s3.amazonaws.com/tiny-anexos-us/erp/MTI2NDE5OTg4MQ/b72575134caa003b75d78ad70e075fb3.png,https://s3.amazonaws.com/tiny-anexos-us/erp/MTI2NDE5OTg4MQ/33632a33c6935ee044313bdf8d2e8ad6.png,https://s3.amazonaws.com/tiny-anexos-us/erp/MTI2NDE5OTg4MQ/20dc2bc9f1c8aa69f46a3d464c28e4fe.png,,,,CHAVEIROS,,
LD3810008,ABRIDOR DE LATAS CALDA DE SEREIA,PÇ,5.99,Ativo,5.5,1,5.5,https://s3.amazonaws.com/tiny-anexos-us/erp/MTI2NDE5OTg4MQ/9d38c83099b18f5b1cdc4688ec2c5a97.png,https://s3.amazonaws.com/tiny-anexos-us/erp/MTI2NDE5OTg4MQ/108d81f58d4fc6684844ab15a332a0d5.png,,,,,CHAVEIROS,,
LD3810012,ABRIDOR DE LATAS CANECA DE CERVEJA,PÇ,5.99,Ativo,5.5,1,5.5,https://s3.amazonaws.com/tiny-anexos-us/erp/MTI2NDE5OTg4MQ/166d4f971010268fa1dfa68a0e70adda.png,,,,,,CHAVEIROS,,
LD3810009,ABRIDOR DE LATAS CHAPEU,PÇ,5.99,Ativo,5.5,1,5.5,https://s3.amazonaws.com/tiny-anexos-us/erp/MTI2NDE5OTg4MQ/6cc1b085fc821b3e0898c6a5d2bf759e.png,,,,,,CHAVEIROS,,
LD3810004,ABRIDOR DE LATAS CONCHA CORES VARIADAS,PÇ,3.99,Ativo,5.5,1,5.5,https://s3.amazonaws.com/tiny-anexos-us/erp/MTI2NDE5OTg4MQ/91bea47db84d485620e3464dbd1cd7d6.png,https://s3.amazonaws.com/tiny-anexos-us/erp/MTI2NDE5OTg4MQ/d81c94b2dc108fc4b9f2d08fca3e436e.png,https://s3.amazonaws.com/tiny-anexos-us/erp/MTI2NDE5OTg4MQ/ac40c48d2b57b6c9d0aba6aec030044c.png,,,,CHAVEIROS,,
LD3810005,ABRIDOR DE LATAS FOLHA,PÇ,5.99,Ativo,5.5,1,5.5,https://s3.amazonaws.com/tiny-anexos-us/erp/MTI2NDE5OTg4MQ/43a131fff7f685390dd2950dac49abd4.png,,,,,,CHAVEIROS,,
LD3810011,ABRIDOR DE LATAS FOSSIL DE PEIXE,PÇ,5.99,Ativo,5.5,1,5.5,https://s3.amazonaws.com/tiny-anexos-us/erp/MTI2NDE5OTg4MQ/dc07131eb8b7ffee4ae90eebe6d9a1e9.png,https://s3.amazonaws.com/tiny-anexos-us/erp/MTI2NDE5OTg4MQ/cd19e32fe8be49826695d869e136c8b1.png,,,,,CHAVEIROS,,
LD3810010,ABRIDOR DE LATAS RODELA DE LIMAO,PÇ,5.99,Ativo,5.5,1,5.5,https://s3.amazonaws.com/tiny-anexos-us/erp/MTI2NDE5OTg4MQ/bbd4866f25d61b985935325c6c0a3eec.png,https://s3.amazonaws.com/tiny-anexos-us/erp/MTI2NDE5OTg4MQ/58f3437fbe6720ce346d23ee1bf37c67.png,https://s3.amazonaws.com/tiny-anexos-us/erp/MTI2NDE5OTg4MQ/6b621b54ec7491a50601984254116701.png,,,,CHAVEIROS,,
LD4530006,BALEIA RENDADA,PÇ,9.9,Ativo,1.5,7,15,https://s3.amazonaws.com/tiny-anexos-us/erp/MTI2NDE5OTg4MQ/44f9f10e13adaa5c13c3a0c1eb93bb20.png,https://s3.amazonaws.com/tiny-anexos-us/erp/MTI2NDE5OTg4MQ/e127a5c98279dc31d4d388036f1ba278.png,https://s3.amazonaws.com/tiny-anexos-us/erp/MTI2NDE5OTg4MQ/027da04980d064c561f51d764973e45e.jpg,,,,DECORACAO,sim,
LD4530007,BALEIA VASINHO,PÇ,12,Ativo,7,5,10,https://s3.amazonaws.com/tiny-anexos-us/erp/MTI2NDE5OTg4MQ/30cbc7fe3021d56f4e8af808c9e6abf2.jpg,https://s3.amazonaws.com/tiny-anexos-us/erp/MTI2NDE5OTg4MQ/f6084506881d500d5ac7ad7108d7db07.jpg,https://s3.amazonaws.com/tiny-anexos-us/erp/MTI2NDE5OTg4MQ/d03386fe948ed7b72801a57de63dd81d.jpg,https://s3.amazonaws.com/tiny-anexos-us/erp/MTI2NDE5OTg4MQ/090f80bf9c16fcc04c8d76724ccbbb78.jpg,,,DECORACAO,,
LD21890037,BANGUELA,PÇ,18,Ativo,10,15,5,https://s3.amazonaws.com/tiny-anexos-us/erp/MTI2NDE5OTg4MQ/f7327a07516a2e23d3bc79f24a7a1376.png,,,,,,BRINQUEDOS,,
LD21890031,BONECO SKIN ARANHA,PÇ,18,Ativo,10,15,5,https://s3.amazonaws.com/tiny-anexos-us/erp/MTI2NDE5OTg4MQ/639e5f00b0d924a7e28911dfb2458ac5.png,,,,,,BRINQUEDOS,,
LD21890033,BONECO SKIN ARANHA PRETO,PÇ,18,Ativo,10,15,5,https://s3.amazonaws.com/tiny-anexos-us/erp/MTI2NDE5OTg4MQ/35a217b967a7e10eacc47ca6e0e23bc5.png,,,,,,BRINQUEDOS,,
LD21890034,BONECO SKIN VENON,PÇ,18,Ativo,10,15,5,https://s3.amazonaws.com/tiny-anexos-us/erp/MTI2NDE5OTg4MQ/020b839bcf9d198e6df80743f4e283f8.png,,,,,,BRINQUEDOS,,
LD21890050,CAIXINHA PORTA FIGURINHA COPA FIFA 2026 ROSA - PR.CRIATIVA,UN,25,Ativo,5,12,10,https://s3.amazonaws.com/tiny-anexos-us/erp/MTI2NDE5OTg4MQ/96a502662aaa9bc164465683e9ddb015.png,,,,,,BRINQUEDOS,,
LD4530014,CONCHA PORTA CHAVES,PÇ,39,Ativo,12,7,17,https://s3.amazonaws.com/tiny-anexos-us/erp/MTI2NDE5OTg4MQ/34a1d6a915cdcc1cc4ceb585736a7b65.png,https://s3.amazonaws.com/tiny-anexos-us/erp/MTI2NDE5OTg4MQ/8240163a2b8f59d4643c04df1a72cf63.jpg,https://s3.amazonaws.com/tiny-anexos-us/erp/MTI2NDE5OTg4MQ/8ec816fea19e591ee6b83b8673c2d443.png,,,,DECORACAO,,
LD21890036,DRAGÃO DE CRISTAL,PÇ,15,Ativo,10,15,5,https://s3.amazonaws.com/tiny-anexos-us/erp/MTI2NDE5OTg4MQ/19b0a9fdf7872f54795c1346f9e8a3c7.jpg,https://s3.amazonaws.com/tiny-anexos-us/erp/MTI2NDE5OTg4MQ/adcca1c7e4ecf517e446e265947f8163.jpg,,,,,BRINQUEDOS,,
LD21890011,DRAGÃO VOADOR,PÇ,16,Ativo,0,0,0,https://s3.amazonaws.com/tiny-anexos-us/erp/MTI2NDE5OTg4MQ/ee8793bfa54e64dafe36166ad2f6b490.jpg,https://s3.amazonaws.com/tiny-anexos-us/erp/MTI2NDE5OTg4MQ/5fb19f9f5ab39718b6b28693f4d3fd7a.jpg,,,,,BRINQUEDOS,sim,
LD21890012,ELDER DRAGON,PÇ,16,Ativo,0,0,0,https://s3.amazonaws.com/tiny-anexos-us/erp/MTI2NDE5OTg4MQ/f4a19f033977a775d02f3f890ddbc766.jpg,https://s3.amazonaws.com/tiny-anexos-us/erp/MTI2NDE5OTg4MQ/2f7046bce83d0f854c1fb458d4ecf256.jpg,,,,,BRINQUEDOS,,
LD21890038,GODZILLA,PÇ,16,Ativo,10,15,5,https://s3.amazonaws.com/tiny-anexos-us/erp/MTI2NDE5OTg4MQ/b49f555cf555b97f65a43f994fa031bc.jpg,https://s3.amazonaws.com/tiny-anexos-us/erp/MTI2NDE5OTg4MQ/d034c3363b876ed66a867f1ea1d08bf1.jpg,https://s3.amazonaws.com/tiny-anexos-us/erp/MTI2NDE5OTg4MQ/7603c30957d63dafa6e8955de251f799.jpg,,,,BRINQUEDOS,,
LD4530012,LUMINARIA CORAL REEF 15CM,PÇ,69,Ativo,17,15,17,https://s3.amazonaws.com/tiny-anexos-us/erp/MTI2NDE5OTg4MQ/6db4bda7f72ca179901f46a394edc4ea.png,,,,,,DECORACAO,,
LD4530013,LUMINARIA CORAL REEF 20CM,PÇ,109,Ativo,23,20,23,https://s3.amazonaws.com/tiny-anexos-us/erp/MTI2NDE5OTg4MQ/81174cdf5f51ba8e2827bf60b03bd847.jpg,,,,,,DECORACAO,,
LD4530015,LUMINARIA POLVO 24CM,PÇ,72,Ativo,18,24,19,https://s3.amazonaws.com/tiny-anexos-us/erp/MTI2NDE5OTg4MQ/3c6c4fdea492ff85df722f4d46af612f.png,https://s3.amazonaws.com/tiny-anexos-us/erp/MTI2NDE5OTg4MQ/e20d1bf97dc64093ee1967862c208baf.png,https://s3.amazonaws.com/tiny-anexos-us/erp/MTI2NDE5OTg4MQ/0c865f529c74b9d05c884a5fe91dea2e.png,https://s3.amazonaws.com/tiny-anexos-us/erp/MTI2NDE5OTg4MQ/2b30ff3af10a1c604f773e6201484a4f.png,,,DECORACAO,,
LD21890065,MAMUTE,UN,15,Ativo,0,0,0,https://s3.amazonaws.com/tiny-anexos-us/erp/MTI2NDE5OTg4MQ/1611cfce4fa107568d8b71f2965f8e8d.jpg,https://s3.amazonaws.com/tiny-anexos-us/erp/MTI2NDE5OTg4MQ/324720509889b0fc241ec7b16707fb47.jpg,https://s3.amazonaws.com/tiny-anexos-us/erp/MTI2NDE5OTg4MQ/73a4a95b11e2904f46c1c70c6ea5bc2d.jpg,https://s3.amazonaws.com/tiny-anexos-us/erp/MTI2NDE5OTg4MQ/95d31da399caf894273c54e8b871a533.jpg,https://s3.amazonaws.com/tiny-anexos-us/erp/MTI2NDE5OTg4MQ/dd76f1d5cb3e839748ae3067c4e9ea15.jpg,,BRINQUEDOS,,
LD4530008,PEIXINHO CASAL 2 PC,PÇ,35,Ativo,5,12,11,https://s3.amazonaws.com/tiny-anexos-us/erp/MTI2NDE5OTg4MQ/d0ac54eda68a34463fcc01fb26d3b2c0.jpg,https://s3.amazonaws.com/tiny-anexos-us/erp/MTI2NDE5OTg4MQ/f2f88ed7bc11dcb8a82ad731ba4f2bae.jpg,https://s3.amazonaws.com/tiny-anexos-us/erp/MTI2NDE5OTg4MQ/5d361355876fc25fa89c9031a8b824a8.jpg,,,,DECORACAO,,
LD4530009,PORTA COPOS ONAS EM LINHAS 3 PC,PÇ,23,Ativo,3,10,10,https://s3.amazonaws.com/tiny-anexos-us/erp/MTI2NDE5OTg4MQ/eb726420ffbc704ab3b16e0264cd1bc3.jpg,https://s3.amazonaws.com/tiny-anexos-us/erp/MTI2NDE5OTg4MQ/1bdbe14b19b0b73cf53cdc75a7349679.jpg,https://s3.amazonaws.com/tiny-anexos-us/erp/MTI2NDE5OTg4MQ/db593a680d2c40c65b0833a5b73f2306.jpg,,,,DECORACAO,,
LD21890052,PORTA FIGURINHAS COPA DO MUNDO MESSI MAIS DE 200 FIGURINHAS,UN,49,Ativo,10,12,5,https://s3.amazonaws.com/tiny-anexos-us/erp/MTI2NDE5OTg4MQ/9932abb59cf2bf011af40fe075f34297.png,,,,,,BRINQUEDOS,,
LD4530010,PORTA JOIAS CALDA BALEIA,PÇ,17,Ativo,10,10,10,https://s3.amazonaws.com/tiny-anexos-us/erp/MTI2NDE5OTg4MQ/215e4895657ba4244f5fb831655cb35c.jpg,https://s3.amazonaws.com/tiny-anexos-us/erp/MTI2NDE5OTg4MQ/6a245d58c7aecdd4d01db3ba7f4e1e6a.jpg,https://s3.amazonaws.com/tiny-anexos-us/erp/MTI2NDE5OTg4MQ/347912ca0fead0bd6e327cdf332cf4e4.jpg,,,,DECORACAO,,
LD21890032,REX,PÇ,13,Ativo,10,15,10,https://s3.amazonaws.com/tiny-anexos-us/erp/MTI2NDE5OTg4MQ/12416a21280f5afe0d051ab76d6c75c5.jpg,https://s3.amazonaws.com/tiny-anexos-us/erp/MTI2NDE5OTg4MQ/46f25ce5152d1bd136b9de4e2017f5db.jpg,https://s3.amazonaws.com/tiny-anexos-us/erp/MTI2NDE5OTg4MQ/1d2ce8ea62530ff0c90dc50890df7342.jpg,,,,BRINQUEDOS,,
LD21890021,ROBOZINHO,PÇ,13,Ativo,0,0,0,https://s3.amazonaws.com/tiny-anexos-us/erp/MTI2NDE5OTg4MQ/0a69811b08f52793a994aeea390d12d8.jpg,https://s3.amazonaws.com/tiny-anexos-us/erp/MTI2NDE5OTg4MQ/3bc62aa8f8e3f817a08bd77c62907681.jpg,https://s3.amazonaws.com/tiny-anexos-us/erp/MTI2NDE5OTg4MQ/d6ed0dd0843973353a8c4a7f253520c8.jpg,,,,BRINQUEDOS,,
LD21890066,SEREIA,UN,14,Ativo,0,0,0,https://s3.amazonaws.com/tiny-anexos-us/erp/MTI2NDE5OTg4MQ/9e8810c93711121f4ce02187465fbf24.jpg,https://s3.amazonaws.com/tiny-anexos-us/erp/MTI2NDE5OTg4MQ/6b428fa1e30143c84a53cff085a4e546.jpg,,,,,BRINQUEDOS,,
LD21890030,TUBARÃO ESQUELETO,PÇ,15,Ativo,10,15,5,https://s3.amazonaws.com/tiny-anexos-us/erp/MTI2NDE5OTg4MQ/5407b3f0bf9886db4bcd77009c1d91e6.jpg,https://s3.amazonaws.com/tiny-anexos-us/erp/MTI2NDE5OTg4MQ/79c9b5961d8a41ad81b94a99bea79359.jpg,https://s3.amazonaws.com/tiny-anexos-us/erp/MTI2NDE5OTg4MQ/c70ad2858278311822d506cee134328b.jpg,,,,BRINQUEDOS,,
LD4530011,VELEIRO LUXO,PÇ,34,Ativo,4,21,17,https://s3.amazonaws.com/tiny-anexos-us/erp/MTI2NDE5OTg4MQ/2af9e7c9b0db72c59a242570b6e55b16.jpg,https://s3.amazonaws.com/tiny-anexos-us/erp/MTI2NDE5OTg4MQ/de7d29d23556ae2c9ff14e05e812ab47.jpg,https://s3.amazonaws.com/tiny-anexos-us/erp/MTI2NDE5OTg4MQ/3328a57b067cdb4539c02185ee31fd5b.jpg,,,,DECORACAO,,
